date,1,2,3,4,5,6,7,8,9,10,11,12,13,14,15,16,17,18,19,20,21,22,23,24,25,26,27,28,29,30,31,32,33,34,35,36,37,38,39,40,41,42,43,44,45,46,47,48,49,50,51,52,53,54,55,56,57,58,59,60,61,62,63,64,65,66,67,68,69,70,71,72,73,74,75,76,77,78,79,80,81,82,83,84,85,86,87,88,89,90,91,92,93,94,95,96,97,98,99,100,101,102,103,104,105,106,107,108,109,110,111,112,113,114,115,116,117,118,119,120,121,122,123,124,125,126,127,128,129,130,131,132
2020_01_01,0.414,0.521,0.403,0.487,0.453,0.412,0.381,0.613,0.558,0.441,0.604,0.56,0.555,0.481,0.417,0.493,0.378,0.433,0.461,0.434,0.537,0.557,0.679,0.49,0.449,0.45,0.469,0.481,0.369,0.515,0.524,0.475,0.324,0.528,0.528,0.454,0.247,0.198,0.547,0.579,0.753,0.331,0.576,0.452,0.428,0.313,0.472,0.587,0.388,0.278,0.296,0.421,0.44,0.693,0.681,0.466,0.368,0.339,0.375,0.266,0.195,0.471,0.389,0.452,0.408,0.636,0.381,0.416,0.373,0.527,0.413,0.641,0.378,0.417,0.206,0.58,0.471,0.104,0.253,0.363,0.618,0.462,0.247,0.351,0.462,0.436,0.455,0.416,0.412,0.458,0.496,0.362,0.256,0.429,0.481,0.464,0.461,0.494,0.518,0.454,0.36,0.306,0.405,0.448,0.496,0.433,0.544,0.575,0.514,0.38,0.396,0.488,0.361,0.425,0.336,0.393,0.296,0.464,0.521,0.466,0.524,0.405,0.392,0.352,0.457,0.396,0.429,0.361,0.448,0.43,0.376,0.633
2020_01_17,0.383,0.568,0.444,0.482,0.381,0.39,0.324,0.528,0.518,0.322,0.533,0.469,0.411,0.467,0.366,0.423,0.345,0.363,0.414,0.377,0.56,0.534,0.569,0.486,0.424,0.468,0.455,0.392,0.342,0.469,0.486,0.36,0.33,0.452,0.432,0.364,0.237,0.187,0.482,0.507,0.66,0.485,0.545,0.405,0.372,0.34,0.439,0.599,0.376,0.229,0.288,0.326,0.387,0.65,0.645,0.448,0.336,0.449,0.261,0.234,0.211,0.305,0.341,0.404,0.365,0.481,0.387,0.335,0.302,0.511,0.245,0.626,0.329,0.377,0.19,0.462,0.368,0.105,0.237,0.307,0.549,0.429,0.185,0.286,0.413,0.318,0.384,0.39,0.372,0.447,0.374,0.327,0.241,0.372,0.461,0.504,0.41,0.441,0.407,0.426,0.403,0.276,0.368,0.352,0.437,0.375,0.487,0.474,0.634,0.311,0.46,0.449,0.306,0.379,0.307,0.369,0.32,0.4,0.408,0.441,0.436,0.351,0.354,0.283,0.42,0.369,0.408,0.361,0.346,0.42,0.376,0.521
2020_02_02,0.314,0.339,0.368,0.429,0.343,0.336,0.296,0.49,0.418,0.313,0.449,0.416,0.354,0.483,0.335,0.364,0.334,0.319,0.361,0.305,0.629,0.484,0.544,0.458,0.376,0.372,0.371,0.369,0.257,0.381,0.435,0.487,0.225,0.425,0.429,0.354,0.221,0.155,0.471,0.422,0.603,0.513,0.465,0.328,0.324,0.262,0.396,0.524,0.366,0.228,0.231,0.342,0.338,0.541,0.544,0.37,0.398,0.248,0.289,0.227,0.226,0.337,0.297,0.387,0.333,0.396,0.345,0.28,0.323,0.527,0.277,0.468,0.284,0.291,0.185,0.441,0.324,0.107,0.195,0.293,0.638,0.366,0.172,0.285,0.355,0.344,0.356,0.371,0.343,0.353,0.371,0.204,0.187,0.374,0.388,0.402,0.38,0.402,0.486,0.41,0.338,0.323,0.351,0.326,0.552,0.371,0.469,0.418,0.491,0.321,0.371,0.375,0.289,0.281,0.313,0.339,0.293,0.582,0.352,0.393,0.34,0.293,0.36,0.445,0.375,0.355,0.4,0.419,0.338,0.368,0.321,0.452
2020_02_18,0.332,0.326,0.34,0.411,0.333,0.32,0.276,0.402,0.393,0.264,0.41,0.375,0.337,0.39,0.308,0.347,0.3,0.306,0.327,0.304,0.609,0.441,0.514,0.412,0.306,0.326,0.358,0.348,0.237,0.365,0.397,0.525,0.252,0.375,0.396,0.35,0.219,0.176,0.316,0.362,0.509,0.496,0.562,0.344,0.314,0.272,0.337,0.484,0.322,0.232,0.227,0.317,0.317,0.437,0.477,0.389,0.312,0.238,0.275,0.249,0.213,0.341,0.301,0.34,0.299,0.364,0.297,0.29,0.275,0.445,0.241,0.432,0.259,0.299,0.141,0.386,0.288,0.103,0.193,0.276,0.618,0.352,0.191,0.269,0.302,0.285,0.312,0.301,0.361,0.303,0.33,0.299,0.183,0.366,0.419,0.391,0.334,0.4,0.471,0.4,0.269,0.396,0.327,0.357,0.475,0.304,0.431,0.387,0.586,0.3,0.45,0.35,0.265,0.278,0.265,0.315,0.32,0.442,0.329,0.338,0.345,0.297,0.343,0.304,0.359,0.3,0.375,0.34,0.303,0.352,0.34,0.412
2020_03_05,0.248,0.209,0.351,0.4,0.34,0.305,0.277,0.387,0.387,0.33,0.327,0.365,0.314,0.442,0.333,0.323,0.31,0.276,0.332,0.268,0.625,0.516,0.439,0.382,0.363,0.383,0.389,0.356,0.226,0.414,0.379,0.498,0.265,0.341,0.399,0.328,0.227,0.171,0.42,0.374,0.438,0.525,0.474,0.352,0.292,0.258,0.338,0.51,0.226,0.201,0.245,0.342,0.274,0.396,0.442,0.373,0.34,0.308,0.271,0.301,0.224,0.333,0.294,0.32,0.257,0.32,0.237,0.256,0.301,0.451,0.285,0.433,0.254,0.234,0.218,0.341,0.263,0.107,0.179,0.249,0.507,0.363,0.175,0.238,0.344,0.27,0.263,0.273,0.287,0.244,0.307,0.166,0.223,0.298,0.331,0.327,0.314,0.357,0.464,0.34,0.353,0.306,0.275,0.259,0.45,0.25,0.414,0.349,0.459,0.293,0.315,0.323,0.247,0.278,0.235,0.26,0.257,0.479,0.285,0.277,0.327,0.248,0.342,0.277,0.338,0.278,0.343,0.307,0.287,0.292,0.314,0.442
2020_03_21,0.269,0.27,0.377,0.406,0.32,0.32,0.347,0.396,0.393,0.334,0.356,0.41,0.324,0.366,0.288,0.39,0.274,0.307,0.362,0.296,0.48,0.434,0.44,0.417,0.327,0.326,0.366,0.36,0.294,0.384,0.36,0.579,0.277,0.341,0.405,0.287,0.275,0.196,0.347,0.38,0.384,0.493,0.475,0.358,0.263,0.238,0.343,0.586,0.232,0.269,0.218,0.367,0.261,0.385,0.382,0.331,0.352,0.273,0.425,0.285,0.175,0.391,0.314,0.284,0.234,0.309,0.305,0.294,0.307,0.419,0.306,0.445,0.297,0.284,0.222,0.342,0.265,0.124,0.214,0.275,0.573,0.318,0.164,0.244,0.276,0.32,0.285,0.292,0.411,0.356,0.37,0.265,0.213,0.321,0.284,0.292,0.325,0.335,0.381,0.353,0.256,0.31,0.26,0.267,0.407,0.311,0.382,0.335,0.365,0.307,0.274,0.292,0.288,0.267,0.232,0.27,0.25,0.484,0.321,0.324,0.349,0.235,0.312,0.31,0.312,0.297,0.309,0.271,0.234,0.284,0.272,0.549
2020_04_06,0.284,0.361,0.381,0.442,0.351,0.35,0.381,0.431,0.451,0.401,0.384,0.382,0.34,0.502,0.308,0.396,0.289,0.321,0.365,0.324,0.553,0.497,0.416,0.423,0.387,0.336,0.423,0.342,0.415,0.447,0.497,0.549,0.285,0.397,0.4,0.295,0.275,0.223,0.376,0.487,0.449,0.455,0.518,0.36,0.305,0.325,0.363,0.59,0.371,0.271,0.295,0.445,0.274,0.413,0.424,0.351,0.279,0.218,0.355,0.309,0.285,0.406,0.357,0.375,0.276,0.355,0.35,0.303,0.316,0.541,0.392,0.522,0.323,0.283,0.244,0.426,0.351,0.107,0.215,0.316,0.653,0.354,0.238,0.27,0.371,0.305,0.324,0.273,0.428,0.274,0.355,0.276,0.259,0.358,0.308,0.315,0.358,0.332,0.445,0.417,0.31,0.344,0.291,0.301,0.485,0.333,0.398,0.358,0.42,0.352,0.306,0.301,0.28,0.311,0.226,0.284,0.28,0.42,0.317,0.366,0.375,0.251,0.305,0.339,0.337,0.337,0.323,0.343,0.263,0.279,0.306,0.433
2020_04_22,0.37,0.22,0.434,0.494,0.426,0.376,0.474,0.46,0.598,0.408,0.608,0.444,0.375,0.534,0.364,0.438,0.345,0.385,0.406,0.334,0.637,0.523,0.538,0.444,0.435,0.505,0.51,0.408,0.513,0.52,0.494,0.362,0.394,0.395,0.32,0.338,0.282,0.226,0.524,0.614,0.702,0.546,0.532,0.454,0.323,0.332,0.463,0.581,0.239,0.283,0.326,0.505,0.337,0.611,0.527,0.421,0.386,0.349,0.455,0.33,0.217,0.357,0.475,0.42,0.292,0.599,0.361,0.364,0.324,0.528,0.309,0.456,0.349,0.412,0.285,0.425,0.367,0.135,0.267,0.343,0.611,0.461,0.259,0.29,0.377,0.39,0.347,0.4,0.463,0.305,0.408,0.307,0.295,0.381,0.375,0.369,0.431,0.354,0.444,0.445,0.316,0.362,0.324,0.34,0.515,0.33,0.458,0.417,0.458,0.402,0.397,0.339,0.306,0.28,0.294,0.32,0.306,0.44,0.372,0.381,0.399,0.312,0.335,0.322,0.407,0.313,0.379,0.355,0.301,0.331,0.319,0.513
2020_05_08,0.446,0.355,0.459,0.504,0.407,0.429,0.391,0.582,0.494,0.506,0.64,0.43,0.429,0.403,0.42,0.5,0.351,0.387,0.417,0.38,0.613,0.516,0.573,0.448,0.439,0.51,0.523,0.416,0.412,0.517,0.469,0.572,0.337,0.445,0.505,0.499,0.288,0.254,0.569,0.583,0.563,0.544,0.532,0.411,0.387,0.381,0.454,0.625,0.292,0.29,0.402,0.45,0.356,0.68,0.227,0.523,0.428,0.375,0.422,0.352,0.284,0.387,0.438,0.47,0.356,0.497,0.373,0.398,0.371,0.57,0.32,0.598,0.407,0.465,0.281,0.429,0.397,0.125,0.274,0.364,0.68,0.517,0.301,0.319,0.471,0.381,0.347,0.353,0.435,0.33,0.427,0.333,0.357,0.436,0.401,0.375,0.433,0.393,0.341,0.409,0.399,0.35,0.343,0.378,0.504,0.407,0.529,0.541,0.294,0.468,0.391,0.339,0.263,0.341,0.3,0.327,0.39,0.456,0.327,0.302,0.284,0.344,0.345,0.37,0.357,0.3,0.368,0.345,0.329,0.31,0.292,0.405
2020_05_24,0.438,0.291,0.444,0.49,0.367,0.404,0.508,0.553,0.618,0.606,0.704,0.372,0.397,0.511,0.459,0.547,0.375,0.366,0.443,0.333,0.595,0.547,0.541,0.463,0.45,0.465,0.584,0.419,0.448,0.518,0.53,0.565,0.325,0.4,0.45,0.409,0.319,0.238,0.545,0.657,0.688,0.576,0.55,0.357,0.304,0.261,0.519,0.658,0.222,0.288,0.384,0.583,0.561,0.707,0.516,0.422,0.378,0.416,0.408,0.339,0.281,0.455,0.45,0.517,0.466,0.602,0.309,0.334,0.403,0.656,0.354,0.613,0.439,0.39,0.278,0.459,0.423,0.113,0.252,0.336,0.627,0.523,0.304,0.377,0.389,0.403,0.444,0.399,0.431,0.361,0.396,0.396,0.331,0.545,0.402,0.354,0.445,0.422,0.515,0.376,0.421,0.326,0.324,0.35,0.503,0.307,0.445,0.473,0.384,0.491,0.333,0.308,0.273,0.311,0.254,0.299,0.395,0.543,0.434,0.405,0.437,0.274,0.311,0.396,0.371,0.381,0.386,0.287,0.306,0.376,0.338,0.684
2020_06_09,0.469,0.697,0.137,0.259,0.229,0.378,0.259,0.559,0.462,0.385,0.633,0.409,0.294,0.209,0.291,0.216,0.383,0.346,0.349,0.227,0.275,0.697,0.58,0.368,0.419,0.249,0.276,0.328,0.378,0.498,0.419,0.551,0.323,0.536,0.394,0.343,0.352,0.173,0.335,0.625,0.464,0.344,0.455,0.349,0.441,0.303,0.452,0.289,0.287,0.18,0.242,0.462,0.264,0.393,0.49,0.448,0.485,0.445,0.371,0.254,0.193,0.391,0.467,0.61,0.434,0.408,0.258,0.4,0.236,0.232,0.146,0.551,0.269,0.444,0.238,0.514,0.388,0.119,0.245,0.516,0.475,0.296,0.187,0.322,0.368,0.369,0.455,0.367,0.443,0.47,0.552,0.516,0.287,0.458,0.39,0.378,0.404,0.351,0.439,0.528,0.402,0.494,0.341,0.321,0.531,0.485,0.425,0.445,0.359,0.395,0.418,0.437,0.332,0.31,0.364,0.269,0.547,0.625,0.364,0.48,0.418,0.469,0.348,0.298,0.392,0.333,0.618,0.53,0.148,0.543,0.381,0.828
2020_06_25,0.405,0.28,0.587,0.653,0.282,0.281,0.653,0.794,0.798,0.643,0.794,0.255,0.325,0.549,0.561,0.697,0.529,0.504,0.599,0.302,0.689,0.428,0.893,0.645,0.605,0.692,0.434,0.404,0.475,0.111,0.791,0.555,0.371,0.511,0.126,0.473,0.342,0.227,0.615,0.332,0.871,0.405,0.749,0.502,0.322,0.405,0.629,0.719,0.353,0.255,0.394,0.624,0.526,0.857,0.795,0.515,0.508,0.504,0.413,0.358,0.323,0.512,0.639,0.656,0.427,0.703,0.437,0.493,0.49,0.616,0.5,0.508,0.443,0.509,0.176,0.502,0.55,0.097,0.332,0.449,0.807,0.622,0.352,0.371,0.52,0.365,0.523,0.523,0.512,0.432,0.609,0.554,0.343,0.481,0.487,0.584,0.567,0.493,0.409,0.63,0.52,0.496,0.496,0.428,0.576,0.476,0.563,0.593,0.543,0.476,0.417,0.401,0.41,0.416,0.428,0.415,0.504,0.639,0.479,0.503,0.479,0.353,0.432,0.465,0.554,0.486,0.502,0.448,0.468,0.437,0.388,0.655
2020_07_11,0.425,0.18,0.693,0.662,0.57,0.335,0.668,0.762,0.79,0.513,0.283,0.491,0.377,0.367,0.438,0.656,0.558,0.577,0.499,0.487,0.17,0.684,0.541,0.608,0.844,0.511,0.687,0.754,0.566,0.508,0.727,0.281,0.386,0.543,0.402,0.561,0.174,0.183,0.778,0.765,0.931,0.677,0.543,0.438,0.583,0.263,0.285,0.777,0.189,0.338,0.224,0.4,0.474,0.661,0.751,0.613,0.354,0.412,0.278,0.248,0.174,0.398,0.497,0.624,0.391,0.203,0.53,0.254,0.393,0.395,0.384,0.216,0.226,0.147,0.178,0.589,0.472,0.125,0.361,0.176,0.534,0.69,0.298,0.499,0.414,0.241,0.333,0.353,0.324,0.265,0.434,0.586,0.292,0.54,0.246,0.414,0.35,0.215,0.483,0.467,0.462,0.535,0.481,0.254,0.538,0.526,0.288,0.514,0.401,0.472,0.438,0.447,0.42,0.378,0.335,0.354,0.502,0.497,0.435,0.524,0.541,0.43,0.413,0.318,0.654,0.43,0.46,0.43,0.439,0.284,0.351,0.486
2020_07_27,0.369,0.487,0.3,0.689,0.584,0.115,0.087,0.583,0.918,0.309,0.435,0.57,0.671,0.491,0.245,0.51,0.429,0.489,0.158,0.521,0.57,0.572,0.429,0.346,0.666,0.716,0.595,0.533,0.355,0.471,0.182,0.17,0.322,0.36,0.325,0.617,0.216,0.214,0.079,0.511,0.43,0.624,0.494,0.125,0.532,0.258,0.58,0.643,0.218,0.204,0.29,0.53,0.463,0.151,0.267,0.337,0.361,0.479,0.237,0.163,0.146,0.231,0.151,0.384,0.419,0.19,0.325,0.501,0.463,0.777,0.427,0.326,0.145,0.478,0.219,0.657,0.313,0.132,0.298,0.522,0.707,0.265,0.366,0.416,0.393,0.499,0.536,0.385,0.531,0.555,0.71,0.593,0.367,0.463,0.437,0.5,0.174,0.299,0.61,0.507,0.427,0.634,0.624,0.544,0.553,0.563,0.35,0.594,0.555,0.485,0.616,0.549,0.425,0.379,0.512,0.546,0.458,0.477,0.499,0.53,0.517,0.275,0.344,0.469,0.591,0.465,0.59,0.372,0.561,0.422,0.309,0.665
2020_08_12,0.635,0.452,0.663,0.641,0.673,0.622,0.67,0.687,0.761,0.64,0.712,0.699,0.603,0.536,0.633,0.654,0.58,0.573,0.567,0.515,0.629,0.595,0.675,0.673,0.603,0.64,0.566,0.506,0.529,0.635,0.64,0.683,0.425,0.669,0.618,0.62,0.289,0.283,0.471,0.724,0.773,0.599,0.665,0.604,0.641,0.479,0.562,0.674,0.415,0.303,0.383,0.7,0.594,0.705,0.793,0.637,0.55,0.421,0.359,0.305,0.276,0.507,0.556,0.576,0.52,0.706,0.423,0.473,0.473,0.698,0.526,0.736,0.404,0.521,0.277,0.643,0.526,0.133,0.404,0.569,0.695,0.528,0.444,0.436,0.583,0.51,0.466,0.468,0.558,0.491,0.623,0.524,0.367,0.504,0.571,0.582,0.585,0.54,0.578,0.622,0.528,0.553,0.558,0.382,0.569,0.525,0.473,0.557,0.439,0.462,0.523,0.493,0.432,0.494,0.507,0.618,0.594,0.558,0.474,0.547,0.532,0.442,0.439,0.473,0.593,0.498,0.607,0.655,0.508,0.493,0.399,0.659
2020_08_28,0.717,0.507,0.646,0.63,0.68,0.68,0.721,0.739,0.784,0.682,0.781,0.634,0.679,0.535,0.644,0.647,0.607,0.581,0.669,0.548,0.612,0.61,0.596,0.648,0.665,0.942,0.63,0.648,0.551,0.639,0.667,0.666,0.348,0.625,0.619,0.635,0.331,0.239,0.681,0.576,0.785,0.625,0.708,0.313,0.567,0.465,0.621,0.69,0.323,0.104,0.404,0.661,0.656,0.796,0.9,0.606,0.521,0.509,0.37,0.348,0.293,0.537,0.591,0.596,0.625,0.737,0.437,0.482,0.524,0.528,0.489,0.67,0.453,0.45,0.292,0.614,0.54,0.135,0.459,0.579,0.639,0.626,0.376,0.418,0.616,0.527,0.452,0.546,0.589,0.532,0.691,0.477,0.364,0.491,0.575,0.594,0.504,0.542,0.61,0.578,0.538,0.621,0.591,0.561,0.566,0.52,0.481,0.556,0.278,0.456,0.523,0.545,0.531,0.462,0.562,0.625,0.582,0.557,0.449,0.512,0.513,0.448,0.398,0.455,0.536,0.51,0.596,0.57,0.528,0.462,0.408,0.619
2020_09_13,0.164,0.621,0.91,0.375,0.418,0.869,0.326,0.438,0.7,0.314,0.237,0.429,0.169,0.275,0.339,0.264,0.263,0.455,0.167,0.432,0.659,0.653,0.325,0.134,0.137,0.321,0.263,0.208,0.494,0.28,0.285,0.262,0.227,0.698,0.457,0.198,0.202,0.178,0.242,0.262,0.723,0.342,0.306,0.217,0.637,0.397,0.309,0.778,0.119,0.158,0.089,0.488,0.591,0.385,0.915,0.309,0.555,0.35,0.346,0.279,0.257,0.241,0.262,0.342,0.387,0.228,0.558,0.49,0.592,0.766,0.33,0.742,0.447,0.361,0.271,0.44,0.414,0.216,0.407,0.632,0.689,0.542,0.311,0.283,0.492,0.308,0.27,0.314,0.74,0.633,0.713,0.443,0.284,0.292,0.682,0.528,0.273,0.563,0.318,0.655,0.315,0.529,0.57,0.54,0.527,0.593,0.417,0.541,0.463,0.567,0.564,0.621,0.524,0.538,0.627,0.499,0.688,0.593,0.48,0.499,0.488,0.576,0.456,0.229,0.616,0.425,0.527,0.46,0.554,0.567,0.254,0.211
2020_09_29,0.661,0.361,0.71,0.757,0.769,0.805,0.794,0.747,0.806,0.472,0.702,0.834,0.695,0.682,0.852,0.696,0.633,0.675,0.723,0.633,0.674,0.678,0.708,0.677,0.739,0.647,0.674,0.572,0.598,0.653,0.774,0.512,0.382,0.756,0.721,0.688,0.368,0.279,0.679,0.774,0.887,0.654,0.737,0.589,0.721,0.523,0.632,0.57,0.335,0.224,0.439,0.217,0.711,0.827,0.856,0.698,0.642,0.488,0.487,0.377,0.157,0.44,0.568,0.622,0.664,0.777,0.461,0.492,0.643,0.716,0.34,0.522,0.173,0.516,0.307,0.673,0.619,0.2,0.498,0.68,0.768,0.583,0.371,0.469,0.71,0.583,0.198,0.574,0.781,0.724,0.718,0.491,0.393,0.554,0.774,0.633,0.61,0.596,0.512,0.599,0.627,0.664,0.608,0.587,0.63,0.617,0.633,0.587,0.651,0.47,0.652,0.609,0.479,0.534,0.609,0.68,0.664,0.556,0.511,0.602,0.592,0.597,0.586,0.645,0.585,0.554,0.622,0.63,0.585,0.633,0.57,0.764
2020_10_15,0.674,0.78,0.659,0.753,0.654,0.77,0.747,0.74,0.753,0.685,0.704,0.738,0.758,0.702,0.671,0.689,0.619,0.652,0.789,0.638,0.703,0.667,0.718,0.72,0.721,0.718,0.646,0.671,0.678,0.727,0.779,0.692,0.501,0.668,0.695,0.714,0.318,0.239,0.78,0.693,0.843,0.739,0.734,0.663,0.628,0.486,0.65,0.734,0.384,0.27,0.412,0.624,0.746,0.796,0.9,0.684,0.576,0.666,0.501,0.362,0.252,0.349,0.539,0.594,0.691,0.738,0.551,0.627,0.617,0.759,0.42,0.644,0.454,0.481,0.301,0.667,0.692,0.161,0.454,0.62,0.722,0.601,0.345,0.422,0.663,0.517,0.635,0.696,0.722,0.667,0.73,0.481,0.418,0.487,0.659,0.72,0.633,0.575,0.626,0.703,0.603,0.471,0.611,0.581,0.657,0.627,0.641,0.688,0.548,0.555,0.642,0.607,0.663,0.606,0.595,0.629,0.423,0.613,0.589,0.585,0.631,0.661,0.565,0.635,0.656,0.576,0.65,0.691,0.669,0.659,0.589,0.801
2020_10_31,0.551,0.649,0.555,0.769,0.663,0.695,0.522,0.72,0.737,0.652,0.746,0.637,0.627,0.68,0.669,0.509,0.62,0.491,0.595,0.573,0.647,0.689,0.617,0.633,0.657,0.622,0.64,0.646,0.527,0.672,0.768,0.653,0.505,0.514,0.705,0.59,0.323,0.277,0.621,0.677,0.82,0.571,0.69,0.632,0.6,0.345,0.611,0.69,0.428,0.359,0.379,0.613,0.529,0.793,0.715,0.501,0.571,0.571,0.31,0.323,0.22,0.478,0.586,0.611,0.375,0.738,0.363,0.63,0.467,0.666,0.376,0.715,0.204,0.478,0.297,0.583,0.629,0.138,0.326,0.536,0.497,0.593,0.263,0.292,0.628,0.505,0.594,0.666,0.174,0.683,0.544,0.538,0.44,0.685,0.685,0.709,0.179,0.569,0.623,0.661,0.363,0.324,0.545,0.511,0.494,0.558,0.618,0.706,0.505,0.543,0.621,0.647,0.231,0.562,0.644,0.185,0.533,0.408,0.615,0.614,0.619,0.713,0.598,0.422,0.419,0.367,0.671,0.685,0.716,0.651,0.53,0.795
2020_11_16,0.569,0.678,0.547,0.704,0.571,0.639,0.652,0.668,0.697,0.592,0.656,0.551,0.607,0.528,0.634,0.65,0.519,0.55,0.61,0.571,0.709,0.669,0.671,0.651,0.612,0.616,0.633,0.628,0.47,0.419,0.703,0.506,0.461,0.613,0.609,0.581,0.277,0.184,0.546,0.654,0.81,0.71,0.672,0.532,0.545,0.458,0.551,0.691,0.425,0.322,0.38,0.492,0.594,0.774,0.829,0.636,0.496,0.527,0.289,0.304,0.228,0.416,0.567,0.494,0.566,0.705,0.452,0.527,0.573,0.723,0.407,0.589,0.426,0.468,0.256,0.564,0.563,0.117,0.301,0.607,0.665,0.5,0.418,0.381,0.624,0.494,0.578,0.497,0.693,0.642,0.731,0.385,0.388,0.49,0.559,0.68,0.584,0.549,0.648,0.598,0.427,0.517,0.563,0.48,0.646,0.636,0.642,0.604,0.431,0.538,0.553,0.589,0.519,0.582,0.454,0.615,0.395,0.638,0.533,0.53,0.604,0.508,0.656,0.535,0.671,0.585,0.615,0.608,0.581,0.544,0.444,0.787
2020_12_02,0.531,0.606,0.542,0.683,0.567,0.592,0.65,0.68,0.654,0.575,0.769,0.596,0.548,0.458,0.566,0.623,0.516,0.536,0.554,0.495,0.629,0.641,0.579,0.598,0.547,0.567,0.605,0.485,0.508,0.571,0.637,0.529,0.514,0.609,0.527,0.559,0.289,0.218,0.757,0.727,0.781,0.679,0.657,0.595,0.443,0.399,0.552,0.729,0.395,0.289,0.366,0.53,0.594,0.718,0.832,0.552,0.471,0.489,0.37,0.315,0.211,0.339,0.492,0.455,0.494,0.745,0.414,0.511,0.563,0.517,0.576,0.673,0.419,0.457,0.244,0.724,0.623,0.067,0.362,0.528,0.752,0.555,0.329,0.418,0.64,0.473,0.558,0.552,0.571,0.553,0.666,0.381,0.46,0.472,0.556,0.741,0.553,0.574,0.641,0.573,0.666,0.37,0.528,0.534,0.57,0.619,0.619,0.693,0.567,0.617,0.531,0.511,0.483,0.447,0.566,0.613,0.595,0.598,0.565,0.475,0.578,0.503,0.541,0.389,0.543,0.389,0.66,0.631,0.592,0.491,0.447,0.726
2020_12_18,0.482,0.61,0.496,0.645,0.521,0.59,0.531,0.637,0.619,0.553,0.723,0.498,0.523,0.597,0.51,0.61,0.47,0.523,0.513,0.439,0.55,0.586,0.648,0.583,0.504,0.568,0.515,0.492,0.428,0.523,0.548,0.431,0.4,0.515,0.512,0.492,0.294,0.222,0.672,0.601,0.653,0.571,0.659,0.467,0.347,0.385,0.398,0.615,0.357,0.312,0.321,0.44,0.522,0.744,0.784,0.504,0.435,0.571,0.339,0.283,0.157,0.354,0.446,0.468,0.471,0.686,0.389,0.515,0.508,0.589,0.47,0.69,0.383,0.432,0.26,0.662,0.528,0.035,0.314,0.507,0.653,0.51,0.267,0.296,0.542,0.462,0.462,0.481,0.557,0.515,0.686,0.387,0.359,0.511,0.421,0.659,0.446,0.495,0.558,0.552,0.532,0.354,0.511,0.461,0.507,0.476,0.582,0.534,0.541,0.499,0.542,0.463,0.446,0.458,0.438,0.517,0.532,0.548,0.461,0.469,0.508,0.472,0.484,0.308,0.491,0.396,0.61,0.622,0.522,0.37,0.352,0.728
2021_01_01,0.406,0.578,0.467,0.5,0.486,0.367,0.322,0.405,0.394,0.181,0.103,0.452,0.475,0.358,0.493,0.462,0.437,0.391,0.332,0.391,0.56,0.404,0.625,0.483,0.451,0.558,0.452,0.521,0.326,0.32,0.285,0.221,0.359,0.458,0.512,0.518,0.282,0.187,0.519,0.605,0.174,0.55,0.313,0.39,0.409,0.379,0.494,0.346,0.206,0.204,0.357,0.378,0.446,0.207,0.304,0.456,0.41,0.572,0.422,0.15,0.207,0.269,0.32,0.511,0.366,0.17,0.409,0.486,0.461,0.473,0.322,0.514,0.252,0.178,0.333,0.255,0.104,0.096,0.269,0.456,0.588,0.435,0.271,0.368,0.601,0.501,0.528,0.304,0.528,0.503,0.655,0.459,0.308,0.524,0.497,0.717,0.263,0.173,0.122,0.558,0.38,0.361,0.47,0.289,0.519,0.52,0.587,0.462,0.463,0.332,0.49,0.519,0.41,0.435,0.479,0.567,0.341,0.523,0.512,0.535,0.547,0.427,0.591,0.429,0.413,0.53,0.705,0.663,0.541,0.459,0.459,0.669
2021_01_17,0.347,0.44,0.465,0.503,0.461,0.463,0.436,0.58,0.559,0.508,0.561,0.477,0.388,0.465,0.472,0.457,0.446,0.322,0.441,0.447,0.614,0.582,0.564,0.515,0.474,0.452,0.484,0.488,0.356,0.522,0.562,0.479,0.277,0.438,0.454,0.433,0.257,0.19,0.59,0.534,0.558,0.588,0.643,0.435,0.361,0.358,0.526,0.648,0.437,0.242,0.316,0.43,0.503,0.589,0.69,0.445,0.38,0.475,0.359,0.288,0.234,0.232,0.396,0.449,0.417,0.607,0.347,0.435,0.46,0.522,0.458,0.578,0.306,0.367,0.248,0.591,0.428,0.091,0.262,0.459,0.673,0.425,0.27,0.321,0.507,0.419,0.505,0.447,0.537,0.538,0.593,0.454,0.298,0.404,0.487,0.633,0.558,0.505,0.501,0.525,0.497,0.344,0.482,0.457,0.491,0.54,0.518,0.54,0.658,0.386,0.527,0.441,0.399,0.399,0.429,0.523,0.395,0.507,0.478,0.554,0.516,0.421,0.444,0.374,0.519,0.505,0.576,0.511,0.503,0.469,0.411,0.624
2021_02_02,0.297,0.345,0.401,0.46,0.391,0.395,0.383,0.521,0.502,0.383,0.5,0.374,0.379,0.425,0.381,0.392,0.387,0.365,0.405,0.354,0.633,0.519,0.455,0.473,0.367,0.378,0.435,0.438,0.366,0.442,0.508,0.521,0.312,0.359,0.474,0.468,0.265,0.18,0.542,0.529,0.631,0.479,0.498,0.279,0.332,0.315,0.415,0.549,0.304,0.271,0.247,0.429,0.394,0.602,0.65,0.387,0.344,0.28,0.344,0.254,0.238,0.457,0.362,0.427,0.377,0.561,0.296,0.339,0.378,0.477,0.385,0.49,0.321,0.355,0.22,0.578,0.422,0.099,0.254,0.388,0.591,0.443,0.231,0.294,0.421,0.374,0.398,0.39,0.463,0.344,0.571,0.303,0.253,0.328,0.468,0.449,0.434,0.568,0.466,0.436,0.393,0.292,0.417,0.37,0.475,0.43,0.447,0.457,0.575,0.338,0.415,0.341,0.337,0.332,0.4,0.444,0.444,0.56,0.395,0.446,0.474,0.377,0.428,0.521,0.427,0.44,0.496,0.51,0.476,0.431,0.337,0.592
2021_02_18,0.356,0.337,0.398,0.485,0.405,0.394,0.38,0.489,0.522,0.373,0.489,0.399,0.38,0.513,0.382,0.395,0.374,0.36,0.443,0.329,0.579,0.482,0.475,0.427,0.412,0.487,0.397,0.395,0.301,0.431,0.468,0.476,0.343,0.347,0.441,0.392,0.285,0.199,0.53,0.487,0.524,0.483,0.539,0.38,0.281,0.31,0.377,0.606,0.29,0.22,0.256,0.436,0.334,0.529,0.595,0.394,0.362,0.377,0.404,0.271,0.302,0.342,0.367,0.409,0.353,0.441,0.383,0.348,0.328,0.488,0.269,0.359,0.326,0.348,0.223,0.491,0.385,0.109,0.26,0.356,0.517,0.355,0.197,0.293,0.392,0.34,0.357,0.387,0.537,0.414,0.521,0.439,0.244,0.354,0.427,0.425,0.422,0.509,0.48,0.433,0.318,0.335,0.372,0.396,0.436,0.396,0.433,0.404,0.648,0.355,0.428,0.384,0.33,0.365,0.349,0.436,0.432,0.446,0.413,0.447,0.362,0.343,0.439,0.466,0.427,0.5,0.492,0.497,0.435,0.439,0.328,0.548
2021_03_06,0.29,0.315,0.392,0.405,0.351,0.364,0.321,0.44,0.486,0.278,0.485,0.336,0.313,0.442,0.323,0.352,0.34,0.368,0.365,0.322,0.534,0.496,0.407,0.415,0.329,0.35,0.374,0.386,0.277,0.4,0.4,0.579,0.268,0.328,0.403,0.327,0.263,0.2,0.486,0.504,0.51,0.463,0.482,0.389,0.292,0.325,0.386,0.61,0.252,0.238,0.269,0.351,0.345,0.517,0.529,0.33,0.294,0.375,0.398,0.255,0.216,0.282,0.39,0.376,0.327,0.384,0.339,0.333,0.328,0.437,0.301,0.38,0.333,0.336,0.219,0.482,0.325,0.123,0.22,0.361,0.445,0.314,0.19,0.293,0.37,0.334,0.307,0.32,0.542,0.315,0.489,0.323,0.242,0.319,0.362,0.43,0.334,0.492,0.41,0.39,0.336,0.323,0.367,0.355,0.511,0.378,0.38,0.403,0.654,0.352,0.398,0.352,0.318,0.331,0.357,0.426,0.4,0.458,0.315,0.366,0.354,0.322,0.403,0.429,0.391,0.406,0.417,0.473,0.342,0.361,0.269,0.48
2021_03_22,0.319,0.266,0.421,0.426,0.33,0.368,0.335,0.417,0.412,0.346,0.428,0.375,0.305,0.403,0.318,0.339,0.33,0.336,0.356,0.3,0.566,0.43,0.389,0.366,0.355,0.425,0.361,0.356,0.264,0.348,0.372,0.498,0.282,0.311,0.401,0.286,0.258,0.187,0.433,0.46,0.416,0.44,0.535,0.354,0.283,0.244,0.402,0.592,0.234,0.226,0.253,0.382,0.299,0.459,0.476,0.358,0.318,0.309,0.333,0.28,0.239,0.385,0.349,0.33,0.277,0.37,0.317,0.328,0.299,0.37,0.267,0.452,0.314,0.339,0.212,0.435,0.293,0.11,0.207,0.334,0.389,0.334,0.21,0.273,0.367,0.3,0.28,0.291,0.421,0.333,0.433,0.308,0.243,0.314,0.382,0.345,0.334,0.382,0.407,0.384,0.354,0.343,0.342,0.329,0.434,0.32,0.372,0.348,0.628,0.334,0.427,0.343,0.274,0.338,0.348,0.362,0.342,0.458,0.277,0.304,0.339,0.287,0.322,0.322,0.397,0.35,0.407,0.406,0.319,0.35,0.252,0.394
2021_04_07,0.302,0.283,0.412,0.408,0.348,0.401,0.416,0.468,0.433,0.488,0.542,0.381,0.335,0.471,0.347,0.361,0.291,0.394,0.425,0.322,0.594,0.493,0.443,0.332,0.375,0.348,0.372,0.382,0.347,0.448,0.374,0.507,0.326,0.381,0.421,0.376,0.302,0.229,0.434,0.512,0.468,0.53,0.565,0.479,0.335,0.396,0.435,0.56,0.292,0.245,0.304,0.415,0.376,0.441,0.528,0.375,0.329,0.389,0.347,0.319,0.335,0.339,0.383,0.409,0.313,0.451,0.363,0.332,0.292,0.35,0.255,0.366,0.311,0.333,0.266,0.404,0.354,0.096,0.237,0.342,0.475,0.333,0.237,0.261,0.411,0.341,0.318,0.313,0.349,0.33,0.422,0.319,0.317,0.372,0.388,0.4,0.32,0.353,0.355,0.404,0.281,0.318,0.321,0.345,0.464,0.347,0.38,0.406,0.44,0.359,0.437,0.318,0.256,0.307,0.356,0.393,0.305,0.486,0.301,0.353,0.361,0.28,0.314,0.405,0.364,0.384,0.452,0.372,0.304,0.337,0.302,0.45
2021_04_23,0.323,0.285,0.455,0.424,0.378,0.47,0.517,0.563,0.526,0.483,0.318,0.396,0.369,0.536,0.422,0.387,0.407,0.438,0.479,0.496,0.694,0.564,0.451,0.442,0.424,0.461,0.44,0.467,0.467,0.525,0.549,0.529,0.343,0.33,0.45,0.382,0.287,0.211,0.508,0.564,0.6,0.641,0.376,0.502,0.317,0.323,0.457,0.609,0.254,0.275,0.311,0.682,0.397,0.54,0.615,0.461,0.34,0.28,0.416,0.311,0.297,0.212,0.386,0.424,0.374,0.492,0.388,0.299,0.387,0.43,0.362,0.376,0.225,0.389,0.297,0.427,0.368,0.125,0.254,0.42,0.517,0.295,0.253,0.323,0.473,0.354,0.353,0.4,0.364,0.351,0.481,0.322,0.32,0.447,0.411,0.475,0.466,0.461,0.397,0.446,0.319,0.385,0.373,0.361,0.503,0.471,0.433,0.477,0.453,0.284,0.446,0.367,0.312,0.397,0.404,0.406,0.415,0.561,0.382,0.47,0.385,0.347,0.382,0.45,0.467,0.445,0.469,0.394,0.436,0.235,0.315,0.565
2021_05_09,0.419,0.425,0.494,0.545,0.534,0.568,0.552,0.633,0.631,0.582,0.626,0.53,0.532,0.583,0.468,0.47,0.479,0.516,0.548,0.528,0.697,0.615,0.573,0.565,0.529,0.566,0.545,0.616,0.448,0.624,0.606,0.689,0.326,0.439,0.636,0.53,0.283,0.16,0.637,0.702,0.766,0.6,0.732,0.578,0.302,0.368,0.509,0.67,0.306,0.318,0.397,0.583,0.496,0.605,0.748,0.488,0.46,0.417,0.347,0.345,0.25,0.38,0.51,0.446,0.41,0.642,0.405,0.309,0.377,0.663,0.558,0.684,0.333,0.435,0.239,0.424,0.607,0.113,0.241,0.421,0.654,0.515,0.272,0.282,0.494,0.409,0.375,0.4,0.454,0.339,0.551,0.321,0.319,0.471,0.389,0.485,0.49,0.402,0.461,0.516,0.429,0.346,0.407,0.432,0.585,0.5,0.463,0.569,0.399,0.438,0.495,0.371,0.386,0.408,0.454,0.39,0.452,0.645,0.412,0.569,0.359,0.386,0.277,0.364,0.407,0.456,0.444,0.472,0.476,0.383,0.285,0.657
2021_05_25,0.288,0.464,0.481,0.409,0.475,0.557,0.61,0.603,0.606,0.591,0.651,0.488,0.495,0.637,0.431,0.474,0.5,0.511,0.45,0.423,0.729,0.576,0.532,0.643,0.531,0.556,0.541,0.655,0.472,0.538,0.501,0.551,0.424,0.408,0.626,0.432,0.292,0.198,0.715,0.738,0.81,0.637,0.668,0.485,0.331,0.303,0.438,0.661,0.326,0.264,0.378,0.689,0.428,0.746,0.667,0.508,0.462,0.346,0.379,0.332,0.347,0.44,0.519,0.449,0.371,0.602,0.371,0.332,0.355,0.452,0.352,0.687,0.445,0.494,0.239,0.425,0.329,0.088,0.233,0.37,0.62,0.543,0.276,0.343,0.462,0.433,0.331,0.403,0.405,0.272,0.464,0.289,0.34,0.474,0.459,0.489,0.417,0.374,0.513,0.488,0.408,0.328,0.427,0.378,0.531,0.408,0.43,0.564,0.593,0.419,0.589,0.356,0.342,0.376,0.314,0.419,0.486,0.54,0.41,0.512,0.36,0.417,0.319,0.366,0.496,0.494,0.419,0.44,0.396,0.436,0.278,0.641
2021_06_10,0.28,0.434,0.494,0.5,0.375,0.504,0.44,0.494,0.476,0.537,0.507,0.358,0.428,0.503,0.434,0.458,0.477,0.473,0.432,0.489,0.36,0.583,0.438,0.555,0.527,0.543,0.519,0.563,0.398,0.529,0.506,0.6,0.25,0.42,0.479,0.461,0.302,0.216,0.66,0.567,0.717,0.513,0.605,0.306,0.305,0.317,0.494,0.665,0.33,0.291,0.358,0.617,0.454,0.698,0.699,0.441,0.435,0.378,0.436,0.242,0.25,0.341,0.475,0.421,0.326,0.572,0.366,0.367,0.396,0.611,0.315,0.081,0.271,0.341,0.232,0.357,0.369,0.118,0.256,0.313,0.52,0.268,0.176,0.336,0.479,0.434,0.353,0.402,0.449,0.328,0.452,0.39,0.253,0.433,0.45,0.475,0.464,0.468,0.473,0.424,0.378,0.36,0.433,0.407,0.528,0.463,0.53,0.552,0.382,0.402,0.445,0.331,0.358,0.397,0.383,0.148,0.483,0.594,0.331,0.501,0.426,0.31,0.341,0.379,0.433,0.442,0.436,0.414,0.395,0.311,0.259,0.547
2021_06_26,0.319,0.37,0.517,0.477,0.534,0.481,0.602,0.666,0.639,0.284,0.765,0.384,0.43,0.495,0.44,0.435,0.474,0.506,0.517,0.312,0.642,0.551,0.595,0.619,0.56,0.542,0.476,0.499,0.406,0.514,0.618,0.519,0.399,0.521,0.554,0.416,0.325,0.229,0.793,0.723,0.76,0.554,0.571,0.45,0.419,0.315,0.576,0.724,0.441,0.251,0.358,0.664,0.441,0.623,0.729,0.626,0.524,0.478,0.391,0.332,0.232,0.574,0.505,0.444,0.394,0.577,0.437,0.241,0.426,0.523,0.348,0.693,0.465,0.424,0.215,0.426,0.38,0.132,0.293,0.448,0.645,0.567,0.352,0.352,0.532,0.449,0.405,0.495,0.476,0.407,0.494,0.348,0.349,0.452,0.447,0.527,0.473,0.312,0.613,0.605,0.329,0.391,0.445,0.428,0.516,0.461,0.485,0.573,0.39,0.488,0.499,0.329,0.363,0.392,0.349,0.297,0.484,0.491,0.424,0.398,0.517,0.369,0.427,0.363,0.401,0.505,0.479,0.444,0.335,0.461,0.289,0.564
2021_07_12,0.334,0.56,0.618,0.374,0.285,0.13,0.26,0.217,0.109,0.223,0.601,0.344,0.61,0.84,0.324,0.388,0.25,0.383,0.317,0.388,0.288,0.617,0.2,0.885,0.163,0.32,0.21,0.335,0.421,0.202,0.349,0.293,0.237,0.205,0.52,0.274,0.229,0.109,0.069,0.902,0.214,0.405,0.272,0.229,0.294,0.408,0.262,0.566,0.178,0.229,0.113,0.382,0.338,0.133,0.211,0.234,0.148,0.141,0.356,0.182,0.158,0.711,0.175,0.378,0.222,0.589,0.209,0.365,0.219,0.455,0.077,0.229,0.208,0.416,0.095,0.301,0.255,0.143,0.215,0.326,0.449,0.411,0.357,0.298,0.34,0.44,0.465,0.386,0.302,0.224,0.211,0.425,0.247,0.514,0.449,0.097,0.216,0.527,0.258,0.276,0.151,0.15,0.296,0.362,0.531,0.782,0.382,0.635,0.432,0.458,0.276,0.486,0.234,0.243,0.317,0.283,0.282,0.428,0.435,0.465,0.532,0.302,0.432,0.305,0.406,0.231,0.475,0.615,0.204,0.413,0.309,0.717
2021_07_28,0.184,0.264,0.434,0.563,0.481,0.596,0.324,0.535,0.514,0.128,0.71,0.779,0.132,0.23,0.495,0.237,0.688,0.605,0.574,0.567,0.126,0.074,0.404,0.121,0.375,0.694,0.608,0.086,0.283,0.382,0.452,0.302,0.291,0.143,0.352,0.7,0.174,0.139,0.186,0.448,0.612,0.714,0.274,0.213,0.147,0.365,0.255,0.137,0.42,0.174,0.541,0.655,0.203,0.87,0.635,0.616,0.574,0.156,0.298,0.084,0.098,0.466,0.558,0.526,0.476,0.18,0.388,0.439,0.54,0.329,0.1,0.447,0.166,0.349,0.178,0.496,0.223,0.097,0.349,0.449,0.515,0.405,0.267,0.376,0.647,0.136,0.185,0.143,0.436,0.281,0.396,0.386,0.394,0.382,0.182,0.423,0.253,0.453,0.166,0.301,0.321,0.317,0.359,0.306,0.41,0.155,0.402,0.153,0.39,0.468,0.264,0.174,0.365,0.32,0.32,0.258,0.451,0.25,0.272,0.292,0.492,0.319,0.348,0.522,0.152,0.348,0.339,0.371,0.594,0.61,0.374,0.281
2021_08_13,0.572,0.411,0.303,0.567,0.473,0.331,0.627,0.586,0.568,0.604,0.7,0.505,0.761,0.684,0.428,0.48,0.432,0.514,0.418,0.378,0.611,0.658,0.257,0.227,0.562,0.696,0.422,0.605,0.383,0.506,0.642,0.687,0.351,0.734,0.411,0.554,0.131,0.219,0.579,0.504,0.745,0.601,0.617,0.523,0.586,0.44,0.522,0.472,0.185,0.18,0.352,0.701,0.478,0.786,0.791,0.695,0.696,0.494,0.315,0.256,0.276,0.338,0.561,0.567,0.549,0.709,0.55,0.471,0.356,0.556,0.299,0.531,0.242,0.472,0.241,0.531,0.47,0.162,0.292,0.475,0.505,0.302,0.249,0.331,0.528,0.422,0.45,0.453,0.632,0.477,0.467,0.26,0.152,0.373,0.448,0.506,0.53,0.435,0.568,0.552,0.478,0.549,0.238,0.406,0.42,0.454,0.518,0.504,0.532,0.451,0.578,0.36,0.313,0.249,0.384,0.295,0.531,0.528,0.488,0.512,0.463,0.402,0.405,0.269,0.358,0.529,0.412,0.467,0.43,0.362,0.347,0.724
2021_08_29,0.437,0.456,0.433,0.555,0.421,0.382,0.277,0.845,0.545,0.462,0.221,0.381,0.407,0.293,0.405,0.634,0.399,0.373,0.441,0.32,0.307,0.466,0.395,0.211,0.143,0.258,0.183,0.556,0.218,0.902,0.515,0.354,0.31,0.362,0.156,0.251,0.197,0.189,0.356,0.49,0.81,0.269,0.356,0.113,0.387,0.272,0.432,0.491,0.206,0.207,0.306,0.45,0.153,0.6,0.683,0.633,0.403,0.243,0.401,0.261,0.177,0.373,0.355,0.526,0.554,0.312,0.463,0.382,0.275,0.41,0.362,0.689,0.309,0.457,0.216,0.236,0.318,0.286,0.242,0.583,0.521,0.624,0.238,0.429,0.509,0.263,0.46,0.659,0.742,0.292,0.173,0.32,0.296,0.437,0.35,0.662,0.612,0.416,0.541,0.466,0.616,0.401,0.378,0.394,0.591,0.25,0.626,0.227,0.45,0.44,0.563,0.253,0.481,0.435,0.489,0.506,0.434,0.427,0.498,0.574,0.594,0.47,0.447,0.612,0.455,0.456,0.631,0.539,0.494,0.384,0.486,0.584
2021_09_14,0.654,0.394,0.621,0.663,0.655,0.514,0.378,0.142,0.506,0.551,0.832,0.703,0.489,0.578,0.639,0.657,0.574,0.492,0.608,0.64,0.555,0.665,0.34,0.64,0.614,0.6,0.534,0.664,0.562,0.656,0.625,0.429,0.199,0.474,0.588,0.504,0.41,0.224,0.691,0.744,0.73,0.21,0.342,0.527,0.209,0.42,0.62,0.719,0.405,0.228,0.37,0.709,0.593,0.807,0.824,0.426,0.513,0.46,0.322,0.313,0.229,0.632,0.486,0.562,0.658,0.729,0.462,0.467,0.471,0.627,0.358,0.68,0.418,0.433,0.219,0.663,0.53,0.084,0.392,0.409,0.579,0.635,0.246,0.268,0.517,0.456,0.515,0.522,0.703,0.606,0.641,0.446,0.293,0.481,0.583,0.617,0.565,0.492,0.534,0.545,0.61,0.604,0.504,0.483,0.539,0.486,0.628,0.564,0.468,0.43,0.604,0.445,0.45,0.458,0.471,0.487,0.56,0.543,0.536,0.518,0.58,0.457,0.521,0.42,0.491,0.482,0.515,0.523,0.563,0.499,0.45,0.798
2021_09_30,0.363,0.384,0.208,0.354,0.413,0.725,0.672,0.775,0.523,0.491,0.221,0.54,0.237,0.521,0.634,0.41,0.655,0.643,0.564,0.433,0.789,0.24,0.231,0.297,0.536,0.606,0.496,0.583,0.481,0.635,0.782,0.761,0.222,0.244,0.589,0.557,0.177,0.283,0.092,0.555,0.408,0.571,0.83,0.623,0.308,0.382,0.525,0.485,0.073,0.207,0.484,0.395,0.443,0.556,0.597,0.181,0.321,0.386,0.409,0.281,0.335,0.349,0.601,0.207,0.517,0.783,0.479,0.245,0.497,0.556,0.172,0.113,0.27,0.43,0.209,0.881,0.608,0.13,0.274,0.503,0.337,0.71,0.073,0.375,0.414,0.639,0.429,0.395,0.812,0.701,0.356,0.292,0.415,0.293,0.295,0.523,0.695,0.116,0.286,0.605,0.559,0.672,0.393,0.709,0.479,0.394,0.467,0.429,0.466,0.423,0.242,0.529,0.372,0.182,0.29,0.41,0.724,0.713,0.139,0.541,0.729,0.549,0.641,0.677,0.086,0.217,0.745,0.078,0.472,0.128,0.801,0.422
2021_10_16,0.686,0.499,0.667,0.582,0.586,0.468,0.661,0.769,0.724,0.376,0.587,0.674,0.706,0.734,0.647,0.516,0.427,0.633,0.413,0.577,0.688,0.447,0.772,0.548,0.733,0.622,0.561,0.57,0.525,0.639,0.431,0.627,0.48,0.379,0.554,0.537,0.288,0.292,0.713,0.73,0.688,0.601,0.673,0.281,0.887,0.423,0.564,0.616,0.258,0.247,0.348,0.569,0.653,0.336,0.674,0.96,0.436,0.312,0.342,0.319,0.075,0.633,0.533,0.547,0.528,0.207,0.549,0.595,0.636,0.664,0.414,0.587,0.331,0.454,0.281,0.585,0.548,0.142,0.483,0.623,0.718,0.599,0.323,0.385,0.549,0.376,0.262,0.607,0.731,0.514,0.654,0.552,0.32,0.523,0.277,0.659,0.567,0.235,0.666,0.678,0.712,0.492,0.649,0.549,0.649,0.502,0.493,0.45,0.363,0.429,0.838,0.698,0.597,0.101,0.516,0.437,0.131,0.293,0.403,0.576,0.405,0.537,0.572,0.234,0.541,0.251,0.469,0.3,0.108,0.296,0.991,0.634
2021_11_01,0.104,0.18,0.145,0.125,0.108,0.151,0.295,0.151,0.235,0.131,0.156,0.145,0.109,0.194,0.131,0.06,0.079,0.076,0.163,0.066,0.355,0.213,0.138,0.095,0.103,0.079,0.185,0.068,0.028,0.162,0.493,0.099,0.212,0.147,0.181,0.071,0.081,0.061,0.044,0.241,0.278,0.124,0.113,0.137,0.139,0.209,0.131,0.089,0.065,0.13,0.07,0.182,0.113,0.105,0.101,0.221,0.167,0.149,0.079,0.084,0.088,0.119,0.131,0.158,0.226,0.254,0.415,0.321,0.209,0.163,0.117,0.153,0.209,0.105,0.188,0.21,0.761,0.127,0.336,0.485,0.175,0.191,0.201,0.127,0.072,0.17,0.292,0.09,0.179,0.52,0.295,0.245,0.137,0.206,0.081,0.111,0.15,0.166,0.175,0.457,0.522,0.459,0.296,0.079,0.156,0.165,0.124,0.228,0.104,0.214,0.763,0.426,0.234,0.371,0.267,0.316,0.201,0.165,0.214,0.194,0.213,0.285,0.308,0.291,0.181,0.295,0.198,0.162,0.117,0.248,0.125,0.332
2021_11_17,0.644,0.685,0.673,0.737,0.663,0.717,0.696,0.716,0.612,0.537,0.636,0.587,0.722,0.585,0.676,0.654,0.625,0.231,0.678,0.554,0.774,0.682,0.703,0.771,0.743,0.718,0.628,0.664,0.517,0.627,0.715,0.529,0.197,0.605,0.398,0.633,0.292,0.236,0.557,0.784,0.838,0.667,0.367,0.311,0.586,0.445,0.548,0.666,0.343,0.419,0.444,0.689,0.462,0.811,0.705,0.625,0.142,0.569,0.314,0.324,0.214,0.454,0.436,0.318,0.418,0.658,0.527,0.633,0.642,0.504,0.551,0.497,0.158,0.246,0.228,0.638,0.667,0.108,0.361,0.497,0.526,0.72,0.273,0.275,0.309,0.549,0.532,0.604,0.826,0.581,0.164,0.374,0.118,0.213,0.313,0.315,0.296,0.577,0.671,0.748,0.706,0.365,0.595,0.408,0.36,0.178,0.28,0.259,0.448,0.498,0.76,0.648,0.625,0.288,0.262,0.395,0.409,0.482,0.34,0.525,0.653,0.583,0.606,0.391,0.363,0.404,0.517,0.507,0.765,0.2,0.53,0.658
2021_12_03,0.64,0.711,0.562,0.67,0.615,0.692,0.622,0.693,0.737,0.665,0.708,0.616,0.77,0.583,0.669,0.621,0.489,0.57,0.656,0.572,0.636,0.675,0.694,0.694,0.682,0.692,0.628,0.622,0.529,0.625,0.669,0.609,0.393,0.538,0.684,0.695,0.339,0.242,0.697,0.737,0.707,0.634,0.717,0.57,0.515,0.546,0.624,0.704,0.368,0.395,0.383,0.531,0.583,0.758,0.801,0.653,0.481,0.649,0.433,0.337,0.336,0.535,0.516,0.554,0.5,0.721,0.528,0.651,0.617,0.806,0.403,0.655,0.411,0.544,0.272,0.604,0.565,0.064,0.416,0.618,0.749,0.491,0.397,0.427,0.629,0.524,0.546,0.536,0.648,0.539,0.627,0.549,0.384,0.502,0.592,0.724,0.63,0.518,0.718,0.591,0.697,0.454,0.603,0.503,0.612,0.653,0.631,0.698,0.503,0.588,0.699,0.647,0.493,0.55,0.537,0.521,0.571,0.676,0.599,0.558,0.648,0.648,0.577,0.545,0.464,0.383,0.614,0.664,0.631,0.466,0.539,0.786
2021_12_19,0.421,0.705,0.51,0.656,0.587,0.567,0.621,0.656,0.634,0.622,0.721,0.542,0.558,0.475,0.562,0.525,0.473,0.52,0.565,0.481,0.564,0.624,0.574,0.617,0.574,0.536,0.567,0.605,0.475,0.555,0.629,0.5,0.406,0.52,0.564,0.593,0.302,0.194,0.66,0.625,0.646,0.534,0.552,0.414,0.441,0.509,0.491,0.694,0.314,0.256,0.357,0.421,0.495,0.716,0.762,0.579,0.455,0.599,0.355,0.263,0.161,0.294,0.508,0.475,0.524,0.651,0.375,0.534,0.5,0.645,0.293,0.727,0.429,0.501,0.241,0.505,0.574,0.055,0.315,0.489,0.667,0.551,0.305,0.35,0.538,0.473,0.482,0.531,0.774,0.469,0.526,0.372,0.392,0.408,0.501,0.644,0.57,0.544,0.641,0.557,0.522,0.401,0.505,0.476,0.497,0.561,0.568,0.687,0.518,0.488,0.669,0.416,0.475,0.461,0.452,0.521,0.474,0.547,0.563,0.511,0.532,0.451,0.44,0.448,0.397,0.548,0.61,0.591,0.563,0.497,0.436,0.749
2022_01_01,0.398,0.65,0.505,0.591,0.489,0.517,0.568,0.7,0.623,0.567,0.632,0.519,0.542,0.511,0.522,0.546,0.485,0.461,0.518,0.47,0.606,0.567,0.649,0.564,0.557,0.624,0.49,0.579,0.42,0.562,0.595,0.544,0.4,0.508,0.534,0.55,0.265,0.205,0.645,0.607,0.67,0.526,0.582,0.512,0.429,0.42,0.516,0.689,0.358,0.279,0.352,0.514,0.594,0.69,0.736,0.486,0.448,0.601,0.273,0.309,0.204,0.405,0.475,0.438,0.54,0.634,0.465,0.499,0.504,0.56,0.308,0.673,0.435,0.428,0.241,0.587,0.498,0.102,0.304,0.461,0.615,0.581,0.357,0.281,0.587,0.411,0.481,0.478,0.676,0.537,0.472,0.469,0.343,0.451,0.536,0.602,0.538,0.519,0.526,0.597,0.569,0.406,0.509,0.44,0.559,0.579,0.532,0.533,0.468,0.505,0.637,0.479,0.468,0.495,0.473,0.5,0.461,0.523,0.498,0.55,0.561,0.41,0.341,0.48,0.376,0.443,0.629,0.553,0.612,0.524,0.423,0.644
2022_01_17,0.39,0.64,0.431,0.534,0.46,0.429,0.348,0.558,0.54,0.398,0.542,0.435,0.52,0.497,0.454,0.421,0.407,0.315,0.447,0.399,0.561,0.485,0.583,0.568,0.504,0.486,0.445,0.49,0.384,0.495,0.53,0.419,0.325,0.524,0.471,0.527,0.251,0.159,0.535,0.568,0.696,0.525,0.498,0.417,0.389,0.348,0.434,0.644,0.374,0.197,0.314,0.335,0.386,0.617,0.679,0.458,0.416,0.432,0.391,0.256,0.163,0.391,0.384,0.389,0.331,0.57,0.342,0.477,0.43,0.627,0.358,0.511,0.342,0.42,0.226,0.375,0.399,0.103,0.217,0.413,0.659,0.512,0.247,0.329,0.475,0.4,0.401,0.406,0.717,0.518,0.366,0.395,0.285,0.417,0.483,0.504,0.485,0.513,0.473,0.333,0.537,0.368,0.434,0.385,0.46,0.527,0.515,0.463,0.396,0.437,0.537,0.407,0.442,0.385,0.483,0.423,0.324,0.476,0.454,0.482,0.478,0.446,0.37,0.362,0.327,0.371,0.559,0.48,0.494,0.385,0.305,0.671
2022_02_02,0.366,0.332,0.411,0.486,0.394,0.396,0.353,0.516,0.513,0.368,0.563,0.423,0.418,0.384,0.41,0.382,0.359,0.333,0.422,0.352,0.518,0.531,0.487,0.496,0.441,0.492,0.417,0.43,0.31,0.467,0.498,0.567,0.28,0.491,0.479,0.451,0.242,0.17,0.536,0.515,0.631,0.5,0.529,0.383,0.365,0.351,0.397,0.516,0.304,0.229,0.247,0.407,0.383,0.599,0.617,0.403,0.431,0.415,0.366,0.274,0.211,0.33,0.333,0.412,0.342,0.545,0.359,0.366,0.351,0.579,0.319,0.56,0.373,0.387,0.229,0.421,0.359,0.107,0.277,0.345,0.445,0.486,0.194,0.273,0.394,0.408,0.374,0.331,0.499,0.467,0.401,0.333,0.252,0.424,0.347,0.456,0.417,0.562,0.532,0.463,0.432,0.443,0.376,0.385,0.466,0.371,0.465,0.416,0.494,0.363,0.557,0.402,0.327,0.359,0.371,0.415,0.359,0.447,0.48,0.481,0.49,0.37,0.372,0.419,0.408,0.521,0.485,0.376,0.452,0.365,0.368,0.655
2022_02_18,0.314,0.327,0.385,0.47,0.377,0.352,0.354,0.471,0.474,0.324,0.413,0.371,0.391,0.44,0.387,0.356,0.337,0.345,0.381,0.278,0.547,0.502,0.471,0.459,0.372,0.44,0.372,0.414,0.376,0.433,0.452,0.522,0.288,0.471,0.419,0.445,0.251,0.178,0.48,0.516,0.577,0.484,0.507,0.381,0.331,0.39,0.407,0.601,0.284,0.297,0.247,0.369,0.328,0.503,0.545,0.4,0.396,0.327,0.335,0.281,0.282,0.499,0.299,0.325,0.304,0.441,0.348,0.334,0.305,0.552,0.368,0.5,0.284,0.347,0.177,0.387,0.343,0.08,0.232,0.336,0.415,0.421,0.192,0.312,0.439,0.318,0.327,0.301,0.353,0.428,0.37,0.26,0.209,0.302,0.4,0.41,0.402,0.504,0.514,0.496,0.408,0.287,0.357,0.317,0.47,0.412,0.465,0.391,0.478,0.355,0.504,0.35,0.32,0.389,0.335,0.414,0.355,0.472,0.391,0.419,0.406,0.331,0.352,0.474,0.324,0.491,0.507,0.483,0.398,0.347,0.301,0.58
2022_03_06,0.35,0.276,0.374,0.446,0.345,0.348,0.321,0.456,0.457,0.345,0.407,0.391,0.385,0.446,0.352,0.356,0.352,0.35,0.363,0.31,0.537,0.464,0.504,0.441,0.365,0.34,0.33,0.381,0.302,0.403,0.395,0.505,0.237,0.411,0.401,0.366,0.214,0.185,0.518,0.435,0.437,0.432,0.561,0.24,0.34,0.365,0.36,0.547,0.341,0.257,0.259,0.349,0.321,0.456,0.476,0.418,0.362,0.349,0.375,0.269,0.233,0.491,0.309,0.33,0.302,0.378,0.337,0.3,0.317,0.266,0.27,0.458,0.339,0.371,0.206,0.335,0.299,0.115,0.239,0.328,0.419,0.373,0.255,0.278,0.419,0.294,0.38,0.305,0.445,0.399,0.392,0.261,0.276,0.35,0.355,0.376,0.357,0.376,0.432,0.424,0.336,0.299,0.341,0.345,0.403,0.356,0.425,0.385,0.469,0.342,0.522,0.348,0.306,0.306,0.351,0.321,0.345,0.454,0.332,0.414,0.375,0.303,0.39,0.38,0.302,0.302,0.421,0.455,0.349,0.346,0.294,0.502
2022_03_22,0.328,0.296,0.421,0.522,0.465,0.419,0.414,0.461,0.505,0.393,0.432,0.355,0.399,0.429,0.364,0.454,0.402,0.334,0.421,0.387,0.619,0.531,0.514,0.429,0.42,0.446,0.463,0.487,0.424,0.425,0.444,0.515,0.33,0.416,0.424,0.393,0.305,0.214,0.56,0.545,0.501,0.476,0.582,0.339,0.335,0.297,0.359,0.574,0.387,0.273,0.271,0.397,0.301,0.571,0.544,0.43,0.365,0.349,0.336,0.283,0.275,0.363,0.39,0.362,0.287,0.495,0.39,0.277,0.325,0.394,0.34,0.57,0.315,0.313,0.245,0.364,0.342,0.16,0.269,0.348,0.581,0.339,0.263,0.32,0.423,0.38,0.372,0.354,0.451,0.41,0.389,0.324,0.311,0.355,0.401,0.428,0.416,0.357,0.431,0.458,0.379,0.291,0.351,0.331,0.45,0.397,0.421,0.42,0.376,0.368,0.442,0.35,0.333,0.353,0.309,0.338,0.358,0.433,0.373,0.428,0.387,0.323,0.369,0.344,0.312,0.386,0.434,0.463,0.351,0.315,0.278,0.499
2022_04_07,0.343,0.414,0.451,0.569,0.539,0.499,0.39,0.542,0.539,0.382,0.541,0.454,0.391,0.527,0.443,0.602,0.409,0.388,0.401,0.366,0.588,0.545,0.537,0.439,0.383,0.448,0.445,0.566,0.334,0.487,0.448,0.536,0.353,0.502,0.497,0.417,0.327,0.234,0.493,0.561,0.519,0.466,0.591,0.434,0.41,0.328,0.401,0.57,0.274,0.255,0.293,0.463,0.297,0.534,0.579,0.427,0.457,0.259,0.313,0.324,0.249,0.392,0.396,0.391,0.307,0.567,0.423,0.332,0.371,0.298,0.406,0.54,0.449,0.371,0.258,0.42,0.337,0.169,0.291,0.39,0.546,0.36,0.257,0.313,0.393,0.325,0.326,0.424,0.561,0.372,0.433,0.318,0.299,0.38,0.364,0.39,0.399,0.339,0.392,0.517,0.393,0.38,0.343,0.374,0.456,0.4,0.446,0.387,0.403,0.391,0.407,0.291,0.312,0.333,0.345,0.331,0.348,0.392,0.331,0.4,0.355,0.326,0.388,0.373,0.345,0.405,0.434,0.383,0.328,0.388,0.288,0.465
2022_04_23,0.381,0.451,0.476,0.598,0.595,0.591,0.615,0.676,0.666,0.53,0.618,0.527,0.481,0.513,0.475,0.562,0.515,0.515,0.566,0.432,0.681,0.565,0.514,0.451,0.439,0.511,0.61,0.612,0.486,0.63,0.601,0.659,0.445,0.567,0.645,0.459,0.313,0.232,0.585,0.6,0.743,0.61,0.654,0.466,0.514,0.481,0.475,0.616,0.308,0.328,0.369,0.625,0.464,0.714,0.638,0.52,0.5,0.294,0.406,0.493,0.234,0.47,0.482,0.452,0.405,0.632,0.425,0.405,0.43,0.508,0.41,0.61,0.429,0.372,0.246,0.452,0.432,0.123,0.358,0.507,0.597,0.463,0.277,0.394,0.415,0.384,0.4,0.476,0.494,0.392,0.483,0.36,0.297,0.431,0.423,0.453,0.383,0.337,0.524,0.471,0.397,0.323,0.363,0.439,0.544,0.475,0.458,0.436,0.346,0.429,0.46,0.371,0.366,0.355,0.406,0.455,0.472,0.48,0.419,0.49,0.551,0.346,0.385,0.37,0.387,0.433,0.46,0.459,0.427,0.477,0.443,0.668
2022_05_09,0.345,0.431,0.429,0.488,0.418,0.455,0.335,0.396,0.649,0.519,0.269,0.628,0.677,0.791,0.327,0.319,0.516,0.47,0.729,0.235,0.756,0.531,0.213,0.621,0.341,0.413,0.434,0.197,0.471,0.398,0.316,0.157,0.65,0.362,0.367,0.471,0.238,0.171,0.378,0.398,0.435,0.385,0.55,0.444,0.36,0.313,0.344,0.356,0.205,0.214,0.272,0.443,0.349,0.446,0.224,0.168,0.527,0.29,0.26,0.248,0.234,0.483,0.469,0.538,0.331,0.264,0.258,0.486,0.167,0.358,0.858,0.337,0.311,0.37,0.134,0.429,0.224,0.068,0.279,0.639,0.569,0.659,0.336,0.499,0.34,0.332,0.582,0.437,0.638,0.446,0.344,0.513,0.479,0.397,0.547,0.692,0.263,0.324,0.4,0.739,0.501,0.397,0.348,0.313,0.724,0.388,0.587,0.425,0.308,0.579,0.183,0.303,0.514,0.622,0.402,0.498,0.578,0.628,0.484,0.526,0.551,0.318,0.374,0.323,0.41,0.511,0.297,0.469,0.491,0.524,0.484,0.395
2022_05_25,0.454,0.589,0.529,0.643,0.597,0.614,0.659,0.683,0.694,0.627,0.677,0.598,0.538,0.551,0.56,0.594,0.532,0.58,0.606,0.565,0.726,0.688,0.628,0.649,0.614,0.739,0.576,0.585,0.456,0.619,0.689,0.67,0.446,0.602,0.589,0.6,0.284,0.206,0.639,0.693,0.692,0.65,0.729,0.613,0.553,0.494,0.549,0.644,0.243,0.268,0.358,0.627,0.543,0.755,0.771,0.538,0.511,0.479,0.422,0.292,0.268,0.495,0.492,0.507,0.535,0.678,0.432,0.516,0.451,0.677,0.353,0.61,0.444,0.538,0.281,0.519,0.482,0.11,0.412,0.541,0.512,0.504,0.355,0.424,0.545,0.459,0.524,0.525,0.648,0.499,0.548,0.438,0.361,0.559,0.544,0.594,0.617,0.371,0.542,0.65,0.568,0.476,0.519,0.508,0.617,0.565,0.509,0.588,0.496,0.52,0.543,0.407,0.456,0.519,0.469,0.557,0.557,0.654,0.558,0.551,0.56,0.421,0.504,0.423,0.407,0.514,0.543,0.571,0.524,0.513,0.513,0.76
2022_06_10,0.334,0.431,0.485,0.517,0.5,0.646,0.664,0.733,0.662,0.597,0.821,0.405,0.497,0.573,0.529,0.604,0.543,0.543,0.58,0.503,0.495,0.656,0.418,0.646,0.584,0.59,0.561,0.604,0.486,0.553,0.548,0.704,0.383,0.58,0.628,0.651,0.235,0.241,0.662,0.734,0.658,0.486,0.387,0.541,0.51,0.407,0.533,0.703,0.303,0.259,0.382,0.693,0.425,0.264,0.543,0.55,0.495,0.498,0.368,0.334,0.241,0.401,0.481,0.499,0.508,0.66,0.453,0.505,0.457,0.693,0.349,0.691,0.406,0.488,0.335,0.37,0.507,0.09,0.352,0.461,0.657,0.631,0.322,0.459,0.623,0.493,0.456,0.453,0.507,0.398,0.41,0.428,0.32,0.574,0.6,0.585,0.63,0.4,0.562,0.612,0.515,0.421,0.371,0.55,0.632,0.54,0.511,0.591,0.564,0.551,0.553,0.419,0.375,0.294,0.435,0.453,0.546,0.591,0.569,0.532,0.578,0.402,0.517,0.427,0.328,0.539,0.535,0.559,0.517,0.532,0.48,0.767
2022_06_26,0.136,0.383,0.564,0.514,0.159,0.139,0.201,0.305,0.642,0.287,0.758,0.327,0.161,0.455,0.554,0.535,0.488,0.209,0.202,0.404,0.251,0.652,0.336,0.476,0.278,0.628,0.356,0.156,0.129,0.469,0.237,0.26,0.272,0.361,0.424,0.519,0.339,0.321,0.765,0.213,0.209,0.678,0.258,0.088,0.484,0.451,0.425,0.362,0.098,0.175,0.28,0.049,0.194,0.189,0.492,0.449,0.181,0.189,0.156,0.098,0.259,0.538,0.269,0.218,0.236,0.214,0.403,0.242,0.459,0.334,0.315,0.399,0.22,0.227,0.126,0.287,0.3,0.136,0.276,0.456,0.257,0.538,0.373,0.335,0.194,0.176,0.214,0.338,0.411,0.2,0.205,0.378,0.193,0.512,0.377,0.429,0.264,0.243,0.189,0.354,0.224,0.376,0.166,0.266,0.536,0.444,0.486,0.487,0.149,0.383,0.307,0.223,0.315,0.092,0.299,0.541,0.465,0.508,0.442,0.537,0.439,0.45,0.423,0.23,0.165,0.484,0.559,0.496,0.427,0.219,0.323,0.63
2022_07_12,0.409,0.151,0.222,0.786,0.537,0.819,0.642,0.839,0.374,0.772,0.835,0.716,0.308,0.105,0.722,0.447,0.492,0.46,0.565,0.466,0.353,0.848,0.507,0.542,0.432,0.211,0.077,0.65,0.223,0.548,0.482,0.379,0.224,0.328,0.362,0.142,0.059,0.065,0.823,0.422,0.358,0.313,0.19,0.297,0.417,0.072,0.298,0.381,0.074,0.103,0.114,0.18,0.135,0.157,0.264,0.222,0.52,0.23,0.13,0.101,0.098,0.17,0.248,0.404,0.291,0.281,0.477,0.241,0.53,0.134,0.117,0.139,0.088,0.256,0.188,0.594,0.143,0.127,0.192,0.166,0.216,0.159,0.235,0.259,0.323,0.214,0.178,0.275,0.651,0.141,0.118,0.173,0.2,0.289,0.293,0.146,0.205,0.223,0.374,0.359,0.102,0.094,0.137,0.209,0.222,0.236,0.166,0.32,0.134,0.339,0.675,0.217,0.281,0.116,0.121,0.159,0.581,0.269,0.251,0.312,0.253,0.573,0.205,0.127,0.102,0.178,0.215,0.453,0.276,0.355,0.185,0.747
2022_07_28,0.21,-0.024,0.542,0.66,0.33,0.518,0.725,0.223,0.395,0.463,0.124,0.572,0.247,0.565,0.439,0.271,0.483,0.139,0.672,0.45,0.558,0.616,0.317,0.759,0.42,0.603,0.258,0.454,0.273,0.29,0.358,0.754,0.336,0.607,0.634,0.171,0.255,0.178,0.519,0.163,0.165,0.094,0.333,0.308,0.346,0.304,0.145,0.112,0.097,0.193,0.146,0.672,0.281,0.219,0.685,0.627,0.405,0.283,0.345,0.203,0.249,0.385,0.363,0.519,0.461,0.192,0.196,0.481,0.544,0.118,0.553,0.651,0.465,0.158,0.307,0.51,0.229,0.101,0.378,0.444,0.647,0.656,0.354,0.374,0.183,0.468,0.333,0.412,0.43,0.403,0.131,0.166,0.338,0.372,0.57,0.446,0.082,0.499,0.569,0.587,0.511,0.446,0.458,0.505,0.215,0.58,0.569,0.522,0.467,0.469,0.456,0.513,0.42,0.307,0.489,0.164,0.779,0.427,0.43,0.437,0.596,0.517,0.466,0.449,0.498,0.38,0.455,0.496,0.28,0.494,0.455,0.664
2022_08_13,0.465,0.304,0.554,0.652,0.578,0.256,0.673,0.767,0.783,0.505,0.771,0.604,0.651,0.543,0.575,0.398,0.56,0.506,0.558,0.59,0.546,0.66,0.549,0.28,0.634,0.643,0.612,0.471,0.406,0.409,0.686,0.63,0.375,0.457,0.651,0.694,0.315,0.219,0.699,0.757,0.832,0.654,0.671,0.583,0.474,0.374,0.543,0.723,0.21,0.293,0.409,0.695,0.561,0.669,0.809,0.625,0.6,0.449,0.354,0.279,0.275,0.428,0.461,0.61,0.628,0.483,0.409,0.505,0.481,0.704,0.377,0.746,0.383,0.238,0.266,0.381,0.372,0.071,0.348,0.459,0.554,0.182,0.178,0.398,0.412,0.411,0.467,0.417,0.639,0.354,-9999,0.332,0.341,0.574,0.542,0.48,0.533,0.397,0.524,0.632,0.509,0.386,0.493,0.434,0.53,0.499,0.493,0.463,0.418,0.494,0.649,0.396,0.411,0.479,0.482,0.583,0.558,0.425,0.535,0.602,0.534,0.412,0.532,0.369,0.319,0.529,0.527,0.422,0.472,0.498,0.502,0.748
2022_08_29,0.593,-9999,0.646,0.585,0.746,0.636,0.204,0.762,0.432,0.502,0.314,0.655,0.553,0.684,0.545,0.639,0.59,0.621,0.693,0.574,0.714,0.699,0.678,0.767,0.694,0.604,0.68,0.726,0.556,0.682,0.743,0.52,0.346,0.678,0.617,0.627,0.321,0.275,0.718,0.811,0.817,0.746,0.734,0.631,0.53,0.378,0.532,0.739,0.259,0.311,0.456,0.722,0.649,0.821,0.861,0.654,0.597,0.44,0.375,0.323,0.265,0.459,0.509,0.564,0.621,0.761,0.494,0.558,0.561,0.216,0.313,0.775,0.482,0.62,0.249,0.57,0.58,0.052,0.373,0.567,0.389,0.756,0.331,0.469,0.605,0.512,0.561,0.548,0.551,0.163,-0.165,0.505,0.41,0.63,0.618,0.647,0.654,0.457,0.677,0.625,0.682,0.571,0.491,0.399,0.55,0.551,0.598,0.551,0.631,0.457,0.671,0.5,0.48,0.507,0.449,0.5,0.59,0.587,0.59,0.516,0.642,0.509,0.345,0.256,0.398,0.487,0.606,0.556,0.559,0.524,0.543,0.831
2022_09_14,0.449,0.228,0.646,0.758,0.642,0.607,0.496,0.653,0.612,0.667,0.714,0.488,0.663,0.234,0.585,0.564,0.539,0.457,0.631,0.643,0.642,0.688,0.656,0.62,0.61,0.504,0.579,0.439,0.526,0.264,0.682,0.6,0.383,0.632,0.39,0.557,0.296,0.223,0.736,0.767,0.441,0.079,0.683,0.511,0.4,0.406,0.361,0.208,0.242,0.199,0.362,0.64,0.615,0.778,0.813,0.593,0.568,0.327,0.287,0.274,0.25,0.395,0.485,0.495,0.648,0.635,0.451,0.467,0.489,0.554,0.47,0.508,0.355,0.522,0.265,0.446,0.371,0.109,0.443,0.397,0.627,0.588,0.342,0.374,0.501,0.431,0.552,0.522,0.712,0.391,0.273,0.377,0.381,0.421,0.528,0.562,0.613,0.479,0.685,0.653,0.577,0.508,0.512,0.463,0.627,0.454,0.566,0.584,0.516,0.5,0.59,0.392,0.418,0.464,0.502,0.492,0.553,0.561,0.556,0.566,0.418,0.477,0.503,0.439,0.481,0.439,0.585,0.519,0.541,0.441,0.483,0.77
2022_09_30,0.526,0.129,0.413,0.227,0.203,0.17,0.226,0.31,0.331,0.46,0.258,0.234,0.299,0.167,0.131,0.129,0.267,0.218,0.294,0.277,0.366,0.572,0.236,0.169,0.211,0.146,0.178,0.349,0.333,0.238,0.247,0.56,0.36,0.152,0.144,0.162,0.127,0.136,0.423,0.375,0.214,0.223,0.304,0.422,0.177,0.253,0.26,0.312,0.171,0.104,0.254,0.31,0.256,0.44,0.496,0.224,0.227,0.182,0.201,0.13,0.136,0.325,0.303,0.182,0.473,0.603,0.147,0.183,0.286,0.317,0.328,0.335,0.264,0.327,0.211,0.201,0.446,0.119,0.084,0.268,0.384,0.354,0.257,0.2,0.444,0.354,0.515,0.341,0.224,0.14,0.145,0.318,0.266,0.381,0.342,0.464,0.483,0.273,0.493,0.263,0.326,0.214,0.43,0.406,0.359,0.427,0.396,0.281,0.367,0.406,0.27,0.266,0.349,0.397,0.302,0.361,0.258,0.245,0.349,0.459,0.539,0.32,0.313,0.287,0.363,0.299,0.196,0.384,0.436,0.332,0.27,0.581
2022_10_16,0.711,-0.045,0.686,0.703,0.692,0.67,0.711,0.706,0.724,0.701,0.74,0.725,0.642,0.669,0.652,0.667,0.587,0.629,0.665,0.504,0.641,0.657,0.684,0.676,0.662,0.629,0.654,0.659,0.609,0.655,0.729,0.666,0.486,0.665,0.729,0.691,0.329,0.225,0.613,0.72,0.766,0.702,0.654,0.554,0.576,0.492,0.517,0.662,0.342,0.294,0.419,0.708,0.713,0.788,0.837,0.613,0.582,0.459,0.338,0.318,0.238,0.489,0.553,0.559,0.672,0.722,0.595,0.531,0.622,0.768,0.521,0.728,0.389,0.507,0.288,0.6,0.565,0.105,0.495,0.669,0.626,0.547,0.359,0.45,0.589,0.478,0.631,0.693,0.677,0.519,0.116,0.482,0.369,0.552,0.663,0.675,0.669,0.468,0.684,0.674,0.6,0.676,0.569,0.527,0.616,0.568,0.579,0.581,0.544,0.549,0.72,0.522,0.414,0.561,0.582,0.586,0.592,0.619,0.605,0.551,0.618,0.628,0.519,0.384,0.474,0.562,0.633,0.622,0.651,0.497,0.499,0.758
2022_11_01,0.687,0.417,0.695,0.754,0.715,0.703,0.686,0.749,0.754,0.673,0.73,0.755,0.761,0.484,0.654,0.657,0.649,0.612,0.683,0.621,0.688,0.699,0.79,0.592,0.708,0.677,0.624,0.694,0.62,0.67,0.74,0.587,0.48,0.683,0.748,0.724,0.335,0.239,0.546,0.791,0.808,0.639,0.716,0.533,0.588,0.593,0.549,0.71,0.385,0.344,0.376,0.596,0.663,0.806,0.829,0.633,0.583,0.506,0.462,0.34,0.239,0.418,0.528,0.577,0.664,0.735,0.554,0.624,0.614,0.679,0.542,0.728,0.44,0.57,0.269,0.68,0.627,0.087,0.363,0.658,0.606,0.629,0.395,0.437,0.575,0.583,0.636,0.734,0.796,0.57,0.235,0.496,0.465,0.536,0.694,0.729,0.686,0.612,0.721,0.692,0.625,0.534,0.61,0.568,0.558,0.597,0.619,0.628,0.658,0.572,0.738,0.58,0.538,0.601,0.551,0.66,0.576,0.611,0.646,0.671,0.605,0.64,0.575,0.498,0.461,0.591,0.652,0.676,0.705,0.533,0.482,0.805
